Task_ID,Date,Operator,Customer,Admin_Instruction,Status,Operator_Reason,Action_Taken,Reply_Date
1,2026-10-05 04:40,FOLLOW UP BY GAGAN (GAGAN),A TO Z PHARMACY SHIVDHARA (90466),"LISTED CUSTOMERS KA SEP SALE LAST 2 MONTH( JULY AND AUGUST) K COMPARISON ME KAM HUA HAI, USKA REASON AUR CORRECTIVE ACTION SUBMIT KARO.",PENDING,,,
2,2026-10-05 04:40,FOLLOW UP BY GAGAN (GAGAN),AASHTHA PHARMACY (AM795),"LISTED CUSTOMERS KA SEP SALE LAST 2 MONTH( JULY AND AUGUST) K COMPARISON ME KAM HUA HAI, USKA REASON AUR CORRECTIVE ACTION SUBMIT KARO.",PENDING,,,
3,2026-10-05 04:40,FOLLOW UP BY GAGAN (GAGAN),ASHISH MEDICAL AGENCY (AM0517),"LISTED CUSTOMERS KA SEP SALE LAST 2 MONTH( JULY AND AUGUST) K COMPARISON ME KAM HUA HAI, USKA REASON AUR CORRECTIVE ACTION SUBMIT KARO.",PENDING,,,
4,2026-10-05 04:40,FOLLOW UP BY GAGAN (GAGAN),DEV MEDICAL AND PROVISION STORES (AM1993),"LISTED CUSTOMERS KA SEP SALE LAST 2 MONTH( JULY AND AUGUST) K COMPARISON ME KAM HUA HAI, USKA REASON AUR CORRECTIVE ACTION SUBMIT KARO.",PENDING,,,
5,2026-10-05 04:40,FOLLOW UP BY GAGAN (GAGAN),DEVAKI PHARMACY (AM7529),"LISTED CUSTOMERS KA SEP SALE LAST 2 MONTH( JULY AND AUGUST) K COMPARISON ME KAM HUA HAI, USKA REASON AUR CORRECTIVE ACTION SUBMIT KARO.",PENDING,,,
6,2026-10-05 04:40,FOLLOW UP BY GAGAN (GAGAN),DK PHARMA (90781),"LISTED CUSTOMERS KA SEP SALE LAST 2 MONTH( JULY AND AUGUST) K COMPARISON ME KAM HUA HAI, USKA REASON AUR CORRECTIVE ACTION SUBMIT KARO.",PENDING,,,
7,2026-10-05 04:40,FOLLOW UP BY GAGAN (GAGAN),DR GIRISH M PATEL (AM8683),"LISTED CUSTOMERS KA SEP SALE LAST 2 MONTH( JULY AND AUGUST) K COMPARISON ME KAM HUA HAI, USKA REASON AUR CORRECTIVE ACTION SUBMIT KARO.",PENDING,,,
8,2026-10-05 04:40,FOLLOW UP BY GAGAN (GAGAN),DR VISHNU M PRAJAPATI (91313),"LISTED CUSTOMERS KA SEP SALE LAST 2 MONTH( JULY AND AUGUST) K COMPARISON ME KAM HUA HAI, USKA REASON AUR CORRECTIVE ACTION SUBMIT KARO.",PENDING,,,
9,2026-10-05 04:40,FOLLOW UP BY GAGAN (GAGAN),DUSK MEDICAL AND PROVISION STORE (AM8778),"LISTED CUSTOMERS KA SEP SALE LAST 2 MONTH( JULY AND AUGUST) K COMPARISON ME KAM HUA HAI, USKA REASON AUR CORRECTIVE ACTION SUBMIT KARO.",PENDING,,,
10,2026-10-05 04:40,FOLLOW UP BY GAGAN (GAGAN),JAY AMBE MEDICINES VASTRAL (AM8162),"LISTED CUSTOMERS KA SEP SALE LAST 2 MONTH( JULY AND AUGUST) K COMPARISON ME KAM HUA HAI, USKA REASON AUR CORRECTIVE ACTION SUBMIT KARO.",PENDING,,,
11,2026-10-05 04:40,FOLLOW UP BY GAGAN (GAGAN),K.S. PHARMA (AM0055),"LISTED CUSTOMERS KA SEP SALE LAST 2 MONTH( JULY AND AUGUST) K COMPARISON ME KAM HUA HAI, USKA REASON AUR CORRECTIVE ACTION SUBMIT KARO.",PENDING,,,
12,2026-10-05 04:40,FOLLOW UP BY GAGAN (GAGAN),KAKADIYA PHARMACY (AM1576),"LISTED CUSTOMERS KA SEP SALE LAST 2 MONTH( JULY AND AUGUST) K COMPARISON ME KAM HUA HAI, USKA REASON AUR CORRECTIVE ACTION SUBMIT KARO.",PENDING,,,
13,2026-10-05 04:40,FOLLOW UP BY GAGAN (GAGAN),KALPTARU MEDISHOP (AM0590),"LISTED CUSTOMERS KA SEP SALE LAST 2 MONTH( JULY AND AUGUST) K COMPARISON ME KAM HUA HAI, USKA REASON AUR CORRECTIVE ACTION SUBMIT KARO.",PENDING,,,
14,2026-10-05 04:40,FOLLOW UP BY GAGAN (GAGAN),KAMAL PHARMACY (00581),"LISTED CUSTOMERS KA SEP SALE LAST 2 MONTH( JULY AND AUGUST) K COMPARISON ME KAM HUA HAI, USKA REASON AUR CORRECTIVE ACTION SUBMIT KARO.",PENDING,,,
15,2026-10-05 04:40,FOLLOW UP BY GAGAN (GAGAN),KANANI MEDICAL STORE**** (AM2507),"LISTED CUSTOMERS KA SEP SALE LAST 2 MONTH( JULY AND AUGUST) K COMPARISON ME KAM HUA HAI, USKA REASON AUR CORRECTIVE ACTION SUBMIT KARO.",PENDING,,,
16,2026-10-05 04:40,FOLLOW UP BY GAGAN (GAGAN),KINJAL MEDICAL AND GENERAL STORE (AM8173),"LISTED CUSTOMERS KA SEP SALE LAST 2 MONTH( JULY AND AUGUST) K COMPARISON ME KAM HUA HAI, USKA REASON AUR CORRECTIVE ACTION SUBMIT KARO.",PENDING,,,
17,2026-10-05 04:40,FOLLOW UP BY GAGAN (GAGAN),KRISHNA MEDICAL AND GENERAL STORE (91311),"LISTED CUSTOMERS KA SEP SALE LAST 2 MONTH( JULY AND AUGUST) K COMPARISON ME KAM HUA HAI, USKA REASON AUR CORRECTIVE ACTION SUBMIT KARO.",PENDING,,,
18,2026-10-05 04:40,FOLLOW UP BY GAGAN (GAGAN),LOTUS PHARMACY (90985),"LISTED CUSTOMERS KA SEP SALE LAST 2 MONTH( JULY AND AUGUST) K COMPARISON ME KAM HUA HAI, USKA REASON AUR CORRECTIVE ACTION SUBMIT KARO.",PENDING,,,
19,2026-10-05 04:40,FOLLOW UP BY GAGAN (GAGAN),MANBHARAT MEDICAL (91258),"LISTED CUSTOMERS KA SEP SALE LAST 2 MONTH( JULY AND AUGUST) K COMPARISON ME KAM HUA HAI, USKA REASON AUR CORRECTIVE ACTION SUBMIT KARO.",PENDING,,,
20,2026-10-05 04:40,FOLLOW UP BY GAGAN (GAGAN),NAND MEDICAL STORE (CIVIL) (AM9086),"LISTED CUSTOMERS KA SEP SALE LAST 2 MONTH( JULY AND AUGUST) K COMPARISON ME KAM HUA HAI, USKA REASON AUR CORRECTIVE ACTION SUBMIT KARO.",PENDING,,,
21,2026-10-05 04:40,FOLLOW UP BY GAGAN (GAGAN),ONE STOP PHARMACY (AM775),"LISTED CUSTOMERS KA SEP SALE LAST 2 MONTH( JULY AND AUGUST) K COMPARISON ME KAM HUA HAI, USKA REASON AUR CORRECTIVE ACTION SUBMIT KARO.",PENDING,,,
22,2026-10-05 04:40,FOLLOW UP BY GAGAN (GAGAN),PRIYAM MEDICAL STORE (00737),"LISTED CUSTOMERS KA SEP SALE LAST 2 MONTH( JULY AND AUGUST) K COMPARISON ME KAM HUA HAI, USKA REASON AUR CORRECTIVE ACTION SUBMIT KARO.",PENDING,,,
23,2026-10-05 04:40,FOLLOW UP BY GAGAN (GAGAN),RAVI CHEMIST (AM0066),"LISTED CUSTOMERS KA SEP SALE LAST 2 MONTH( JULY AND AUGUST) K COMPARISON ME KAM HUA HAI, USKA REASON AUR CORRECTIVE ACTION SUBMIT KARO.",PENDING,,,
24,2026-10-05 04:40,FOLLOW UP BY GAGAN (GAGAN),ROYAL MEDICINES & COSMETIC STORE (AM9887),"LISTED CUSTOMERS KA SEP SALE LAST 2 MONTH( JULY AND AUGUST) K COMPARISON ME KAM HUA HAI, USKA REASON AUR CORRECTIVE ACTION SUBMIT KARO.",PENDING,,,
25,2026-10-05 04:40,FOLLOW UP BY GAGAN (GAGAN),SANJEEVANI MEDICAL STORES BRANCH 3 (AM7547),"LISTED CUSTOMERS KA SEP SALE LAST 2 MONTH( JULY AND AUGUST) K COMPARISON ME KAM HUA HAI, USKA REASON AUR CORRECTIVE ACTION SUBMIT KARO.",PENDING,,,
26,2026-10-05 04:40,FOLLOW UP BY GAGAN (GAGAN),SCIENCE CITY CHEMIST (AM1894),"LISTED CUSTOMERS KA SEP SALE LAST 2 MONTH( JULY AND AUGUST) K COMPARISON ME KAM HUA HAI, USKA REASON AUR CORRECTIVE ACTION SUBMIT KARO.",PENDING,,,
27,2026-10-05 04:40,FOLLOW UP BY GAGAN (GAGAN),SHAKTIKRUPA MEDICAL STORE (AM9644),"LISTED CUSTOMERS KA SEP SALE LAST 2 MONTH( JULY AND AUGUST) K COMPARISON ME KAM HUA HAI, USKA REASON AUR CORRECTIVE ACTION SUBMIT KARO.",PENDING,,,
28,2026-10-05 04:40,FOLLOW UP BY GAGAN (GAGAN),SHINE PHARMACY (AM726),"LISTED CUSTOMERS KA SEP SALE LAST 2 MONTH( JULY AND AUGUST) K COMPARISON ME KAM HUA HAI, USKA REASON AUR CORRECTIVE ACTION SUBMIT KARO.",PENDING,,,
29,2026-10-05 04:40,FOLLOW UP BY GAGAN (GAGAN),SHREE CHAMUNDA MAA MEDICAL (GEETA MANDIR) (91131),"LISTED CUSTOMERS KA SEP SALE LAST 2 MONTH( JULY AND AUGUST) K COMPARISON ME KAM HUA HAI, USKA REASON AUR CORRECTIVE ACTION SUBMIT KARO.",PENDING,,,
30,2026-10-05 04:40,FOLLOW UP BY GAGAN (GAGAN),SHREE CHAMUNDA MEDICAL&GENERAL STORE (AM9154),"LISTED CUSTOMERS KA SEP SALE LAST 2 MONTH( JULY AND AUGUST) K COMPARISON ME KAM HUA HAI, USKA REASON AUR CORRECTIVE ACTION SUBMIT KARO.",PENDING,,,
31,2026-10-05 04:40,FOLLOW UP BY GAGAN (GAGAN),SHREE MATESHWARI CHEMIST & DRUGGIST (AM8210),"LISTED CUSTOMERS KA SEP SALE LAST 2 MONTH( JULY AND AUGUST) K COMPARISON ME KAM HUA HAI, USKA REASON AUR CORRECTIVE ACTION SUBMIT KARO.",PENDING,,,
32,2026-10-05 04:40,FOLLOW UP BY GAGAN (GAGAN),SHREEJI ENTERPRISE (AM6956),"LISTED CUSTOMERS KA SEP SALE LAST 2 MONTH( JULY AND AUGUST) K COMPARISON ME KAM HUA HAI, USKA REASON AUR CORRECTIVE ACTION SUBMIT KARO.",PENDING,,,
33,2026-10-05 04:40,FOLLOW UP BY GAGAN (GAGAN),SHUKAN PHARMACY- NIKOL (90866),"LISTED CUSTOMERS KA SEP SALE LAST 2 MONTH( JULY AND AUGUST) K COMPARISON ME KAM HUA HAI, USKA REASON AUR CORRECTIVE ACTION SUBMIT KARO.",PENDING,,,
34,2026-10-05 04:40,FOLLOW UP BY GAGAN (GAGAN),TANYA MEDICARE (AM7065),"LISTED CUSTOMERS KA SEP SALE LAST 2 MONTH( JULY AND AUGUST) K COMPARISON ME KAM HUA HAI, USKA REASON AUR CORRECTIVE ACTION SUBMIT KARO.",PENDING,,,
35,2026-10-05 04:40,FOLLOW UP BY GAGAN (GAGAN),UMIYA HEALTHCARE (AM2284),"LISTED CUSTOMERS KA SEP SALE LAST 2 MONTH( JULY AND AUGUST) K COMPARISON ME KAM HUA HAI, USKA REASON AUR CORRECTIVE ACTION SUBMIT KARO.",PENDING,,,
36,2026-10-05 04:40,FOLLOW UP BY GAGAN (GAGAN),WELCOME MEDICAL AND GENERAL STORE (AM8737),"LISTED CUSTOMERS KA SEP SALE LAST 2 MONTH( JULY AND AUGUST) K COMPARISON ME KAM HUA HAI, USKA REASON AUR CORRECTIVE ACTION SUBMIT KARO.",PENDING,,,
